Age,Income,Gender
56,25903.30519613641,Male
69,53051.954538008344,Female
46,38654.73882073545,Female
32,28666.19435603489,Male
60,40301.4067363621,Male
25,33776.779945784074,Female
38,75307.12452608848,Female
56,63224.59635424176,Female
36,49880.41038025074,Female
40,72199.16208335038,Female
28,51160.524614714275,Male
28,37080.73698007604,Female
41,72846.86115904486,Male
53,58083.65065526988,Female
57,34441.30768510315,Male
41,47144.91982874588,Female
20,36865.726199228644,Female
39,29258.00403553496,Male
19,63892.66321297462,Male
41,78641.24960705196,Female
61,29021.486392712883,Female
47,58444.538550358564,Female
55,40240.361463172594,Female
19,42693.11924352956,Female
38,41114.09113641696,Male
50,37040.138454802756,Male
29,50727.82441917241,Female
39,37535.748253834434,Male
61,54056.85238669758,Male
42,49246.42835826294,Male
66,46415.77929700386,Female
44,36386.545069376036,Male
59,41348.43004147501,Female
45,61330.86838738634,Male
33,57513.75781436571,Female
32,35336.67132802174,Male
64,51489.98458143839,Female
68,61270.80685057683,Female
61,24958.920783179423,Male
69,58150.402885699026,Female
20,40060.643615812296,Female
54,58558.98002889739,Female
68,38551.11265186225,Female
24,22926.768490032213,Female
38,25586.86343175256,Female
26,50721.27419992073,Female
56,53895.83752582223,Female
35,36435.25062343387,Male
21,59578.88688166061,Male
42,25077.1990659656,Female
31,49008.80302029025,Female
67,31834.75700356315,Male
26,40222.45838296761,Male
43,50710.98006974621,Male
19,37093.799520740715,Female
37,44231.66683655262,Male
45,65094.39213821661,Female
64,41346.62195715277,Female
24,62535.38168097712,Male
61,33054.397180135726,Female
25,57947.06266872924,Female
64,71623.5293098685,Female
52,12925.332498090662,Female
31,38046.57116794285,Male
34,58656.081907708096,Male
53,46954.31920935511,Female
67,55567.188100569634,Female
57,40940.22219926269,Male
21,51298.8468120935,Female
19,47664.84146911881,Male
23,67516.73092489711,Female
59,53816.31264951819,Female
21,55064.039931128034,Male
46,43821.84550816299,Male
35,42685.906638912595,Male
43,43511.627182705684,Male
61,55916.78213567445,Female
51,43685.232787696055,Male
27,54346.62285344619,Female
53,81131.01197968159,Male
31,63066.87055147538,Male
48,45109.647017482384,Female
65,68018.20883245918,Male
32,43878.86940467673,Male
25,19428.13197233219,Male
31,34878.70533623894,Male
40,21938.121184612166,Female
57,44727.297739380374,Female
38,50276.27568784328,Male
33,75146.55968412924,Male
62,54903.910606462436,Male
35,46713.49206786704,Female
64,62441.083717752335,Female
41,16832.970364881723,Female
43,53534.21837162849,Female
42,61562.9779083045,Male
62,27821.206313302377,Male
58,67156.31064810394,Male
46,55077.44611241621,Female
32,43770.681291487985,Male
62,59491.72799159427,Female
18,84060.39286706594,Female
42,52727.99382587743,Male
24,53723.30879450504,Male
26,43109.58650689634,Male
41,37252.33445802813,Female
18,62455.03724816369,Female
61,37158.74261136699,Male
25,51073.49355829089,Male
41,42835.13829852325,Female
28,57184.697386195876,Male
68,55004.931579304226,Female
34,65563.0991638685,Female
25,42349.75401717879,Male
52,45951.87597059943,Male
52,35318.54426326539,Male
50,43335.60109885833,Male
22,55659.50739567279,Female
59,61354.829249680275,Female
56,36167.52013733562,Female
58,63044.088801584905,Male
45,70334.56788207426,Female
24,56201.523548355515,Male
26,78151.937188371,Male
25,38393.1620134464,Male
29,31330.179450328746,Male
51,23319.19626643582,Male
50,72440.66467233775,Male
65,59815.484845310864,Female
40,49166.229936343174,Male
41,54199.529394797304,Female
54,33117.66429052435,Female
52,86686.27969425239,Male
61,51938.31772962841,Male
57,51640.92191907339,Male
39,60886.49935848038,Female
44,57215.1384760507,Male
52,53358.26036418697,Female
18,38142.88316832032,Male
52,57072.025357039936,Male
54,78230.3674471255,Female
64,70181.30069232467,Female
31,73897.79939959096,Male
20,42331.76485353222,Female
18,35155.92769612129,Female
22,48113.19619850528,Female
43,50835.87368433042,Female
31,66412.87277706423,Female
56,24613.03055427771,Male
44,72943.2547919092,Male
26,47629.88152131516,Female
32,43596.7839507887,Male
32,34818.434371097486,Male
43,25177.14992201346,Female
59,62347.55875942872,Male
30,51099.76950782606,Female
68,30650.58650388419,Female
49,30573.818419045758,Male
56,44963.229510648074,Female
66,75035.32287934089,Female
69,46106.12972954593,Female
49,27452.855703228408,Female
21,46313.85403871084,Female
47,45909.146453784946,Male
54,9546.700355876426,Male
40,49185.577002232814,Female
56,46535.98204686983,Female
62,60443.095472201276,Male
32,77734.34142418018,Female
60,66898.47544321636,Male
46,45966.669641677545,Female
53,33402.11136887495,Female
30,88600.3970487479,Female
49,50888.27651021732,Female
24,50208.939378694195,Female
68,49638.12369334995,Female
39,52971.271411517824,Female
45,47834.593821140865,Male
19,41395.069896796456,Male
59,41797.115881394115,Male
62,49508.70094676002,Female
23,41848.62843299352,Female
45,39307.313259842536,Female
45,51596.453415378455,Female
61,46175.34173868717,Female
61,72559.89482874033,Female
37,10235.45287410482,Female
47,66372.60277883692,Male
28,68691.27788746444,Female
45,18899.146513877757,Male
42,44859.68608879477,Male
56,44428.38701006313,Female
50,28887.32457923268,Female
18,38332.74968613687,Male
44,33341.36231801257,Male
69,76284.05665135435,Female
30,64035.17589721191,Female
58,69073.32642491237,Male
20,60825.08096064853,Female
56,33064.22343174156,Female
23,42132.196005803395,Female
25,57340.61841841877,Male
44,31668.082866620818,Male
26,60694.97645258582,Male
54,46395.119027627974,Female
50,44377.68788675604,Female
68,60664.39952305237,Male
59,56663.9496722906,Male
61,44585.507512713804,Male
41,67389.94705046373,Female
32,33784.05008600154,Male
49,59239.034104163955,Male
49,58896.51886952575,Female
41,45356.803410290144,Female
58,54891.99533363177,Female
69,31233.296354220456,Male
66,63860.40528810352,Female
66,47226.46795335517,Female
69,42159.154692214404,Male
29,65735.13838755334,Female
56,39434.84464185861,Male
19,28873.080554546606,Male
20,26650.562397141442,Female
66,59090.14927018459,Female
54,30793.559712555754,Female
66,76321.91272976546,Female
34,18771.058881744168,Female
66,75446.84552435057,Female
19,53165.26200803927,Male
19,48549.30332194411,Male
45,41826.21369786575,Female
40,55987.04171528106,Male
54,49435.47946362727,Female
49,66549.52823024782,Male
50,51713.41472993059,Male
18,52254.52642192817,Male
36,44545.81681679216,Female
19,49145.81564418399,Male
61,54617.026533380886,Female
43,24347.474110150615,Male
49,29777.218668414305,Male
23,61148.96141034072,Male
49,52562.981571919125,Male
21,47240.24995470981,Male
28,50276.5089959809,Female
34,55213.72558042507,Female
55,41903.60479535958,Male
41,38325.42911896531,Male
22,52937.67882646522,Male
69,35324.40833577452,Male
51,56123.79133571708,Female
23,24461.245936432395,Male
39,65437.33455988466,Female
28,57088.96223619564,Male
65,53840.44601470813,Female
33,64740.36475918271,Male
50,74982.11666693864,Male
26,65215.55097527196,Female
23,22386.88653002532,Male
33,30806.345498964478,Male
46,40627.72133456482,Male
20,50391.36575316251,Female
37,57764.88530703685,Male
53,39113.84280269802,Male
36,52801.50146715617,Female
43,38669.256014700164,Female
20,40827.23295512078,Female
36,28900.083547276667,Male
37,36151.50130833643,Male
49,29724.730915754997,Male
24,35361.90120534001,Female
69,65804.62694911759,Male
58,35759.01666752085,Male
50,89485.73097256086,Female
57,57399.76851321334,Female
56,52772.54185542311,Female
35,37124.6332972818,Female
57,60504.64819113487,Female
18,41365.43260643339,Male
28,51830.147219680424,Female
45,88401.26807403192,Male
42,48559.10150413025,Male
67,67239.09989428514,Female
40,39452.35362311169,Female
48,49475.17264254557,Female
47,76562.00953453264,Male
59,40595.494133183485,Female
52,77186.72836995393,Female
24,60616.279031832135,Female
33,41562.99836158598,Female
43,59486.116085832815,Female
65,64588.316744400945,Male
69,59327.149433257946,Male
66,26446.629201643154,Male
19,39092.94236262697,Female
18,46287.22046672743,Female
65,48883.498563499306,Female
29,59310.08146326017,Male
22,52665.51501399881,Female
54,29969.83461934848,Female
49,55702.967765089445,Female
26,59158.786179257346,Male
58,58396.856718965595,Female
52,66211.71088331932,Male
36,62508.83231823356,Female
65,56887.70118842655,Male
33,48947.51432812029,Male
20,25085.58599726013,Male
37,56444.273286988784,Female
41,53115.31530744667,Female
50,54073.6825579306,Male
41,30848.77136269536,Male
69,33784.151893876064,Female
28,65797.29279999355,Female
66,49406.672692150176,Male
25,60222.510460589365,Female
53,50424.77564195692,Female
55,50446.34209243618,Female
57,64074.25708963996,Female
37,42259.32907673939,Male
52,51441.811654114754,Female
65,43065.87066942436,Female
42,43482.55658851527,Male
52,45362.41814797041,Male
42,53332.00657450569,Female
46,42818.77067504784,Female
35,68836.34188360281,Female
63,36580.89046670744,Female
35,47196.92533757961,Male
19,43404.034125887374,Male
52,71704.668265306,Male
33,52948.32164767362,Female
58,65477.66809202952,Female
53,27716.59440444542,Female
50,54005.75398803888,Female
21,63344.46193435155,Male
50,51234.259839131366,Male
31,65982.20562598026,Female
38,42240.673248494415,Male
65,71140.2116027837,Female
37,84483.47185428876,Female
25,44557.42159340512,Male
24,43317.462178988426,Female
20,71800.7671567655,Female
34,73693.58218596068,Male
50,42157.09959270098,Female
65,43697.19774356214,Female
29,45773.230867092396,Male
68,29833.242334485843,Female
39,36220.22080273703,Male
39,34937.88849871898,Female
63,38483.03652343807,Male
47,49479.72668919828,Male
55,53513.22098804781,Male
55,73257.50739221115,Female
62,35024.68938891814,Male
68,64764.83597714876,Male
25,46790.16733661736,Male
44,49258.044355213504,Male
44,60122.29238249906,Male
51,33159.16967656552,Female
38,55736.14619276076,Female
47,52496.78312319584,Female
50,57386.76896012224,Female
45,54337.52965861727,Female
64,86829.50209866342,Female
50,40433.900236230256,Female
22,42035.04567497274,Male
65,40652.89210362853,Female
36,41667.843212596184,Male
21,40439.19309040223,Male
52,67835.24796661327,Female
66,71307.56371984782,Male
34,41438.805593757854,Male
61,37514.66640343657,Male
45,57071.23334579606,Male
47,41716.65433578543,Female
46,59493.97726633266,Female
63,53043.845312769496,Female
23,27263.838275041522,Female
52,73212.57801995092,Female
58,76938.16509643283,Female
54,40808.16964273421,Female
41,44184.47660096024,Female
46,54287.98086087358,Female
66,55016.851849805375,Female
63,59878.164090092454,Male
48,80153.06808149524,Female
52,47345.79158758926,Male
50,38025.541331923196,Male
69,29310.21157978209,Male
38,39036.04940087121,Male
49,49503.095406893044,Female
40,76918.36795276681,Male
50,42235.830514457426,Female
20,53356.819274583475,Female
35,49753.65655890872,Male
42,67825.89910172127,Female
59,87903.98638810433,Male
48,42036.96840619519,Male
20,42658.40836222667,Female
57,65662.41315603608,Female
63,60228.37234439467,Male
41,77700.6098860405,Female
67,58758.92277988946,Female
49,44610.61863819411,Female
64,58859.82246038464,Male
39,66630.55370874362,Male
40,62307.23271796046,Female
19,57609.11046660947,Female
44,66000.1203438373,Female
59,67539.4338566851,Female
19,70732.38486556291,Female
43,59730.64831384464,Male
34,47493.22879524718,Female
57,52200.705296499844,Male
50,68097.63449762535,Female
26,37745.964935191456,Male
60,55530.099633093516,Female
65,44099.91781508959,Male
56,50431.17234402226,Female
46,69176.77793910948,Male
59,52866.48602029855,Male
43,50696.54822234223,Male
52,29602.15788530121,Male
67,61193.80349040831,Male
42,59682.26271711613,Male
41,82448.8208495819,Female
30,45383.32647570499,Male
24,53287.254914959085,Female
53,53740.75525566133,Female
62,73661.79919645212,Female
37,48570.567014195716,Female
18,54185.32288655509,Female
25,59118.44764574809,Male
63,52799.13684734537,Male
33,43303.49578174208,Male
31,52911.34989347462,Female
29,66104.47624789659,Male
68,34602.270508834095,Male
40,51994.54511220314,Male
32,39498.1877759124,Male
45,67925.69943387264,Male
51,27152.19642824338,Female
19,41616.17229092617,Male
49,55658.17812596781,Female
40,73482.86043851511,Female
39,49013.746083905186,Female
68,41672.00709960202,Female
42,78217.35604160884,Female
39,28279.79149375634,Male
39,17017.910650698774,Male
66,56600.216750799984,Male
69,42469.18663471083,Female
59,34681.5077430393,Male
23,60625.3467094903,Male
32,53657.010706567984,Female
60,41538.820538949076,Female
54,30795.434019936583,Female
50,63086.859924202174,Female
25,59753.017669379915,Male
61,48512.36204330926,Female
61,77699.554940715,Female
22,33948.72850510771,Male
56,27117.122436128917,Male
21,39621.378951781335,Female
23,49316.209754667536,Male
62,53650.091739840376,Female
49,46381.459132155054,Female
69,55280.83094771445,Male
47,31226.90863714334,Male
64,71656.46906109889,Female
52,48767.732324111465,Female
57,66759.43747382192,Female
69,55140.88019566556,Male
33,56851.29828730676,Female
30,58546.50920348306,Female
67,56715.628400259724,Female
59,59640.84139801316,Female
47,69937.28795198648,Female
36,52947.817545522055,Male
34,60635.05636382769,Female
36,48653.964585691596,Female
45,71601.75823174209,Female
43,39854.115469110955,Female
54,77014.10649366223,Male
43,49397.63074033485,Male
40,28538.373468229278,Male
26,51921.56622366184,Female
29,39784.22513787678,Female
18,62609.65323483086,Male
18,40210.640310464136,Male
64,43307.248501778304,Male
51,21656.889035817036,Female
49,43215.405211263846,Female
65,13641.81010056565,Male
42,26241.45764771415,Male
57,61406.21984216446,Male
62,61787.00237976248,Female
18,56381.86342677447,Female
33,35495.3578530618,Female
56,49284.3296578703,Male
22,49945.96191364148,Male
39,32624.529662111858,Female
46,72550.97452650726,Male
20,63160.43435863507,Female
29,46685.53739255504,Male
43,50403.28758491796,Male
33,53125.74211921329,Male
68,19373.97697363564,Male
54,46292.339262191046,Female
39,39770.23628003302,Male
46,34975.69985157627,Female
31,45783.495606710676,Female
45,76965.29790274284,Female
22,59612.64291900515,Male
64,41432.31515325805,Female
66,58588.74172034238,Female
47,70990.33154879004,Female
63,63869.50524369153,Male
69,50894.45554880261,Male
22,40295.94833441639,Female
29,60473.34970420385,Male
33,55902.28078132625,Female
43,63427.89830041598,Female
43,59527.57702522954,Male
65,65743.29072979002,Female
38,41971.47182659148,Male
56,69760.91098451489,Male
53,52963.994070386,Female
50,81128.91308937898,Male
47,39662.18272865648,Male
54,76039.45704747873,Female
40,52968.66175193972,Female
27,40228.72994578327,Male
22,42741.71248918518,Male
53,45194.7903770852,Female
51,56362.48919602875,Male
69,57842.5323205325,Male
48,41394.49994092131,Male
27,49634.68111608526,Male
36,82134.05537917795,Male
49,75913.14755151067,Male
18,56544.85504511048,Male
22,50570.05217252301,Female
62,51800.46990077392,Female
21,59202.769590956246,Female
33,34658.111522023915,Female
41,46139.35193864982,Female
33,24971.238891836158,Male
19,55988.34683907919,Male
66,59707.939095541115,Male
45,42752.20306550939,Male
49,73609.80144935049,Female
44,31613.515054964882,Male
37,28034.376796852695,Male
41,53366.77727839958,Female
29,65706.47453918232,Male
67,75258.91537186803,Male
52,43116.7360569659,Female
50,66180.21250146943,Male
50,49422.372957489395,Male
68,47410.59050088771,Male
60,63254.89906230009,Male
54,59784.84317620129,Male
29,26354.11764523626,Female
20,72148.10524588844,Female
18,70701.37031221177,Female
50,40616.55947735706,Female
57,55937.05300156114,Female
27,57410.45279424108,Female
60,53910.10648735861,Male
61,41745.422692318694,Female
46,39925.64948092923,Female
30,49616.688935128324,Male
29,67590.93528889047,Male
48,58154.002318916486,Female
63,44440.78501870841,Male
19,61575.48065972517,Female
68,7271.8606905488705,Male
67,67231.48550558156,Female
52,23904.293318328506,Male
40,44563.38587895302,Male
34,33204.95158060784,Female
43,30579.777864186413,Female
25,67412.4018106778,Female
46,42984.48198032163,Female
43,55197.55822596073,Female
27,49296.19131681224,Male
43,57155.612408346824,Female
51,51152.32836590383,Female
68,30755.116637171457,Male
58,64944.002291707104,Male
24,42593.65125258031,Female
21,26651.271520103735,Male
67,43578.27258551131,Male
62,72511.39685951466,Female
28,62753.32613170239,Male
46,44770.21798388211,Male
53,44761.13443522357,Female
42,45175.47423173926,Female
38,81151.21975341262,Male
53,55729.0317834733,Male
27,56450.624707866045,Female
54,65454.25181047763,Male
26,53581.8373853977,Male
41,46114.36781268945,Male
52,47054.75226372533,Female
66,48925.98110878904,Male
52,49441.66645235238,Male
65,60914.4431545547,Female
53,50779.18828710949,Male
35,60989.60115823369,Male
66,48789.251298371266,Female
56,51179.52785474136,Female
49,20026.989732018385,Female
41,63744.91512053722,Female
40,55197.32713846989,Male
49,64970.15164789478,Male
54,6556.1693270946635,Female
29,81325.62057171091,Female
66,47906.15557767239,Male
30,66622.74225106275,Female
40,34401.411093117036,Male
42,59191.608575938546,Female
52,34198.76655239516,Male
58,40643.465589562926,Female
47,78710.4703080018,Female
34,47139.7639885498,Male
66,53261.49309769584,Female
37,63051.015960331315,Male
65,57435.22831958907,Male
42,52256.28357715365,Male
39,55474.41503699338,Male
30,86051.23377857413,Male
36,49135.71804449622,Female
66,53016.485700724515,Female
53,65759.81594011417,Male
29,66582.88899436976,Female
58,67805.4545834057,Male
36,59580.95333043777,Female
29,32854.92630904275,Female
26,74501.47298451644,Female
24,32804.81910471968,Female
45,54539.531978585495,Male
31,38685.86224970963,Male
48,49037.92480110511,Female
69,54931.436154552204,Female
36,54820.35823175409,Male
64,56328.81131352927,Female
33,74205.6690358797,Male
22,56803.014522709695,Male
52,46337.65047064027,Male
29,64461.307524325355,Female
42,67842.05733386961,Male
69,31585.88277294511,Female
38,58961.00104774787,Male
53,60517.591134663475,Female
40,45536.54744960012,Female
33,70635.6021996743,Female
56,47749.1661945121,Male
62,51883.64680207313,Male
59,47403.922635741954,Female
56,50233.685713722014,Female
31,33555.87369657197,Female
48,28399.236761085584,Male
22,73917.57594837458,Male
52,37295.57977522508,Male
40,35129.114758155396,Male
46,17699.148295944276,Female
60,40415.57378465746,Female
28,30153.653098887524,Male
35,74630.22740204554,Male
64,65147.25634013952,Female
29,39677.74482233414,Male
26,83786.53708016463,Male
27,64726.48230487391,Male
61,45127.529247370665,Male
34,12508.914276896401,Male
55,84364.13858886113,Male
24,29156.41299854606,Female
63,25319.01879564662,Male
30,65338.5564801446,Male
57,86596.28609508909,Female
59,70764.09227765776,Female
26,58458.636800785396,Female
67,58921.315124979286,Male
44,62801.23338170462,Female
19,61383.92884680148,Male
22,54217.87135954064,Male
46,51563.01655927814,Male
54,49061.103081507164,Female
55,38690.531166999855,Female
36,45789.87384699839,Female
25,24605.647787069218,Female
65,48524.90559807875,Female
62,35171.133392736236,Male
18,33446.160241763435,Male
39,52698.41226730218,Male
69,70880.034295169,Male
34,63774.7490900347,Female
24,26442.490945652346,Female
42,35155.57795144494,Male
62,64111.567819823234,Female
21,35262.68909692536,Female
53,46630.50275004463,Male
23,58250.78148536828,Male
48,35474.83317704547,Female
36,51580.6325921894,Female
61,29989.617576226934,Male
56,40979.48534073179,Male
44,54796.72901213806,Male
27,26105.09399702496,Female
43,56607.121069405985,Male
36,49705.433016099785,Male
56,58287.34931625721,Female
20,53358.712010969924,Female
62,70462.10644960766,Female
30,51878.36753971861,Female
67,43558.91688312121,Female
45,51834.46254548425,Male
37,58149.470435545816,Male
45,50732.901054885566,Female
25,50608.87536805824,Female
58,39470.12468289867,Female
56,40056.48623673578,Female
18,28960.920923004596,Female
20,76243.65114780409,Male
30,31342.051469130725,Male
45,39606.42203306139,Male
66,39223.89101646204,Male
42,63423.86565416662,Female
50,45575.75482561958,Male
55,68716.131090106,Female
23,39897.640636341974,Female
61,54184.91243335703,Female
62,37469.794201103636,Male
49,82177.23691660083,Female
62,32186.02371455731,Male
64,54647.31065340541,Male
38,59506.65321398148,Female
33,56206.986461772474,Female
38,47220.68511683438,Female
28,48052.689503998605,Male
54,50657.17207968664,Female
53,47794.96997557267,Male
52,64458.18675192365,Female
36,83157.84502387026,Female
37,41637.623224882496,Male
35,29452.955306313834,Male
64,48675.76927473118,Male
58,88695.64006481477,Male
66,37944.88148045404,Male
31,74586.75208166102,Male
32,75165.51221114662,Female
48,41696.176374380084,Female
18,58534.74618777913,Male
20,74425.94934692807,Female
33,44313.08388518769,Male
40,46946.29459846457,Female
28,41274.786290770346,Female
29,34778.649039607,Male
27,40260.83682400989,Male
49,31640.895998566153,Male
33,50511.25202388839,Female
25,38450.40153412038,Male
55,53506.788676861215,Female
29,26661.56530694559,Male
41,54963.20348321686,Female
45,62502.93442413387,Female
25,20093.96536142817,Male
45,55610.848547713584,Female
53,68415.03488709938,Female
43,31855.38471963192,Male
25,75088.58580256555,Female
67,56285.285140490676,Male
45,39424.82216362387,Male
45,49163.46383513441,Male
54,58374.903687825834,Male
58,51140.080871186176,Female
53,58081.33988669554,Female
44,36189.89610380951,Female
34,52540.41236054117,Male
26,28794.282546425296,Female
50,48331.60907976949,Female
37,36441.38537802815,Male
30,38967.050861153504,Male
45,68541.39762815656,Female
65,66369.65180891403,Male
46,59137.071813607654,Male
30,33615.308529911315,Male
63,45253.87325457797,Male
52,68196.46549968775,Female
23,52125.753704598574,Male
35,84789.94309972541,Male
68,55899.76759091558,Male
22,52880.73674735047,Male
64,45363.25303696248,Male
42,52003.11357173423,Male
19,47712.952454291844,Male
27,60621.630150328856,Male
47,64350.53475191876,Female
67,38210.158092380756,Male
62,30031.50569663333,Female
22,22456.919403450553,Male
50,57619.86990368816,Male
18,33449.50090739189,Male
35,17706.64110571276,Male
49,55828.67906796446,Female
64,87394.99276149186,Male
66,49908.9363269016,Male
28,62577.36161677463,Female
38,51227.440378213476,Female
43,48516.65520213286,Male
42,63786.14724481653,Female
39,45645.88183717023,Female
44,54010.88471107854,Female
66,54825.467092940205,Male
30,39978.64319535427,Male
50,64880.635243047844,Male
51,47375.60364956887,Female
58,38663.82260760733,Male
52,58047.64765355605,Female
18,36522.98027313444,Male
38,50422.717360536924,Male
65,49863.21505033695,Female
23,66288.43348747367,Male
45,57120.47349319929,Female
34,49624.595618822845,Female
22,62266.494488004304,Male
48,70853.1132352597,Female
22,58367.154595277934,Male
55,50155.28929765071,Male
20,30322.456514747606,Female
40,34023.29505386941,Male
54,45421.629434679984,Female
54,40857.31696761075,Male
27,47195.43045521831,Male
27,50849.74887345661,Male
36,57945.391315350964,Male
34,48942.518329113635,Male
38,57297.52465739303,Female
31,50967.1162221518,Female
26,20368.00150469193,Female
63,35909.96909271869,Female
18,47838.686664175766,Female
68,31854.578857383385,Female
62,58998.93094994307,Male
30,72961.26248515546,Male
21,68281.42777545974,Female
18,46798.35693604688,Female
66,72360.89205274929,Male
57,52230.01185803167,Male
49,44943.71043322941,Male
51,40798.960046885906,Female
45,45462.95470267808,Female
48,44177.34772188157,Female
25,52556.243335632316,Male
56,52408.60971574797,Male
43,50045.69030230122,Female
51,56554.072546195246,Female
20,67859.69412179512,Male
67,64243.312031619855,Male
29,27726.53047325145,Male
18,11691.182976470678,Male
61,64014.79866858911,Female
22,29496.819523768685,Male
47,46628.518971609745,Male
47,32448.304609109608,Male
34,22970.293436299704,Female
65,58121.94092307182,Female
64,61387.327404539705,Male
40,41352.34398909921,Male
32,11134.365617826348,Male
54,41806.33327621276,Female
38,55877.060081038195,Female
31,27816.32646838807,Female
19,52750.39879668733,Male
28,49770.35226240507,Female
68,58689.37249401632,Male
56,51793.705526212296,Male
55,35403.96588677667,Male
51,67948.57252496737,Female
55,47622.05640459545,Male
67,49590.43190735102,Female
51,36000.98061390206,Female
35,43350.766232127346,Male
47,36727.95928959649,Male
32,47405.809101148654,Female
44,75675.62720213515,Male
68,29421.482856029656,Female
51,25796.579031848883,Male
69,72067.55491240413,Female
55,46860.14484272201,Female
50,39963.908920101254,Female
41,65598.57031094114,Female
32,40915.766903947035,Male
47,77390.14570320403,Male
59,60168.88807008904,Female
68,42681.32887781446,Female
34,82359.62319898256,Male
22,40914.27615494993,Male
46,61131.430580139604,Male
21,54489.38870609738,Male
27,69526.11934098197,Male
34,73422.66795090279,Male
27,50480.0622359865,Female
34,38698.73194480725,Male
37,56899.582144086744,Male
41,39834.26945371841,Female
22,80200.80871289935,Male
51,52048.02996624106,Male
23,44520.17673031837,Male
19,52770.204587973625,Male
30,29793.10565705455,Male
60,35425.789422340225,Female
60,68006.20861916638,Male
65,40146.58581542906,Female
28,34296.3352597709,Female
68,58049.79128790929,Male
64,67785.56231994496,Female
40,60784.299659976,Male
33,64940.715287087245,Female
48,38648.073671458085,Female
28,28672.839998872343,Male
33,72520.0047793323,Male
25,45159.802417367966,Male
21,46237.50475317429,Male
57,69922.91212773586,Male
21,58343.4501410099,Female
42,56838.31658122411,Female
20,82475.03517351625,Female
49,40347.22654429785,Female
20,63917.60192121856,Female
44,50855.19687345627,Female
46,54028.88418294885,Female
49,72927.02639618798,Male
67,57617.53634434436,Male
68,58074.441185744494,Female
36,66087.61005964704,Female
38,44525.70905685672,Male
22,37411.85498991491,Male
35,34327.862089684495,Male
45,20504.65115935997,Male
59,80843.10694910484,Female
39,33451.87451417475,Male
38,46681.19564621342,Female
23,45847.80050166619,Female
18,54611.10046713651,Female
22,62236.05818808945,Male
58,62907.10232539618,Male
29,41253.83842146592,Female
43,47493.174293203825,Female
63,54238.69925732449,Female
51,46269.633107246795,Male
66,74110.18364029989,Female
31,57364.62427457377,Male
43,61023.16679074726,Female
62,59943.21903001119,Female
44,67602.10786227987,Female
26,52715.3233805556,Male
43,30547.5207806623,Male
64,55995.31927628962,Female
39,40229.64659312257,Male
64,42070.74977375365,Female
47,58795.4602813264,Male
60,68574.24607150453,Male
65,50319.073651040926,Male
34,54632.49518898446,Female
43,75533.22416952858,Male
53,53611.297692328524,Male
18,89025.24671270592,Female
25,58482.64468447316,Female
66,23588.558612662735,Female
52,61300.12431656799,Female
69,55717.37577324166,Male
32,69346.29131124119,Male
64,60097.72026904937,Male
39,47923.16024024339,Male
31,31635.526455659514,Male
43,46864.65114070962,Female
45,37242.1931868605,Male
40,41292.14825292916,Male
31,58828.67606630914,Male
41,75048.56756527109,Female
19,55920.07294734471,Female
62,32061.754069472234,Male
43,56669.040023302114,Female
31,67949.47229968477,Female
68,40853.25643520927,Female
24,47989.742499906235,Female
20,50220.32292093796,Female
64,38226.5253037664,Female
40,59724.20650765789,Female
63,48185.77777088327,Male
60,56292.98665860542,Male
64,36687.6173329685,Female
62,43438.125495148844,Male
35,60835.72036741657,Male
55,44407.502718623495,Female
